{
  "resonance_decay_alpha": 1.1750566516490533,
  "phase_coupling_beta": 0.19968406830149554,
  "scale_transition_gamma": 12.41605776553433,
  "interference_null_delta": 0.0,
  "adelic_threshold_epsilon": 4.329953646807706,
  "golden_ratio_phi": 1.618033988749895,
  "tribonacci_tau": 1.839286755214161,
  "product_formula_constant": 1.0,
  "height_sum_constant": 0.0,
  "phi_squared": 2.618033988749895,
  "tau_squared": 3.382975767906237,
  "alpha_over_beta": 5.8845788832531145,
  "gamma_phi_ratio": 7.673545705382288
}